<?xml version="1.0" encoding="UTF-8"?>
<!DOCTYPE mapper PUBLIC "-//mybatis.org//DTD Mapper 3.0//EN" "http://mybatis.org/dtd/mybatis-3-mapper.dtd">
<mapper namespace="com.yeahsir.demo.dao.UserDao">

    <resultMap id="BaseResultMap" type="com.yeahsir.demo.entity.User">
        <!--@Table user-->
        <result property="id" column="id" jdbcType="INTEGER"/>
        <result property="username" column="username" jdbcType="VARCHAR"/>
        <result property="sex" column="sex" jdbcType="VARCHAR"/>
        <result property="birthday" column="birthday" jdbcType="TIMESTAMP"/>
        <result property="address" column="address" jdbcType="VARCHAR"/>
        <result property="password" column="password" jdbcType="VARCHAR"/>
    </resultMap>

    <!--查询单个-->
    <select id="queryById" resultMap="BaseResultMap">
        select
          id, username, sex, birthday, address, password
        from database.user
        where id = #{id}
    </select>

    <!--查询指定行数据-->
    <select id="queryAllByLimit" resultMap="BaseResultMap">
        select
          id, username, sex, birthday, address, password
        from database.user
        limit #{offset}, #{limit}
    </select>

    <!--通过实体作为筛选条件查询-->
    <select id="queryAll" resultMap="BaseResultMap">
        select
          id, username, sex, birthday, address, password
        from database.user
        <where>
            <if test="id != null">
                and id = #{id}
            </if>
            <if test="username != null and username != ''">
                and username = #{username}
            </if>
            <if test="sex != null and sex != ''">
                and sex = #{sex}
            </if>
            <if test="birthday != null">
                and birthday = #{birthday}
            </if>
            <if test="address != null and address != ''">
                and address = #{address}
            </if>
            <if test="password != null and password != ''">
                and password = #{password}
            </if>
        </where>
    </select>

    <!--新增所有列-->
    <insert id="insert" keyProperty="id" useGeneratedKeys="true">
        insert into database.user(username, sex, birthday, address, password)
        values (#{username}, #{sex}, #{birthday}, #{address}, #{password})
    </insert>

    <!--通过主键修改数据-->
    <update id="update">
        update database.user
        <set>
            <if test="username != null and username != ''">
                username = #{username},
            </if>
            <if test="sex != null and sex != ''">
                sex = #{sex},
            </if>
            <if test="birthday != null">
                birthday = #{birthday},
            </if>
            <if test="address != null and address != ''">
                address = #{address},
            </if>
            <if test="password != null and password != ''">
                password = #{password},
            </if>
        </set>
        where id = #{id}
    </update>

    <!--通过主键删除-->
    <delete id="deleteById">
        delete from database.user where id = #{id}
    </delete>

</mapper>